"category","id","name","price_range","user_id"
"Science, Technology & Engineering","204598186697469","WATonomous","","10218420976143016"
"Education","172004503451911","KuzoClass","","10218420976143016"
"Software Company","348823402309609","Srvice","","10218420976143016"
"College & University","187057569961","Waterloo Engineering","","10218420976143016"
"Science, Technology & Engineering","1414830838629390","MH Technologies","","10218420976143016"
"Website","121462641746794","Compiled.Social","","10218420976143016"
"Personal Blog","483273171860145","LENSbible","","10218420976143016"
"College & University","161312597236791","uWaterloo Alumni Singapore","","10218420976143016"
"College & University","321586106907","UWaterloo alumni","","10218420976143016"
"College & University","170027119744995","ASX: Astronomy & Space Exploration Society","","10218420976143016"
"Publisher","35585623895","Entrepreneur","","10218420976143016"
"Theme Restaurant","1707439379518319","Central Perk SG","$$$$","10218420976143016"
"Media/News Company","407570359384477","AJ+","","10218420976143016"
"Arts & Humanities Website","102099916530784","Humans of New York","","10218420976143016"
"Education Website","325000504184250","CrashCourse","","10218420976143016"
"Games/Toys","82061850555","League of Legends","","10218420976143016"
"Internet Company","359142437477673","Darktips","","10218420976143016"
"Interest","108614982500363","Basketball","","10218420976143016"
"App Page","170086771112","TeamViewer","","10218420976143016"
"Food & Beverage Company","366595173362042","Mountain Dew SG","","10218420976143016"
"Monarch","224571034325919","Marco ""The Champion of Men"" Francis","","10218420976143016"
"Video Game","115605765132094","PlayStation Europe","","10218420976143016"
"Interest","110770632276416","Computers","","10218420976143016"
"Middle School","106114342752442","Overseas Family School","$$$$","10218420976143016"
"Education Company","135609093117243","Edmodo","","10218420976143016"
"Cause","106992736032001","causes.com","","10218420976143016"
"Canadian Restaurant","203645203163462","Cafe Troy","$$","10218122430519660"
"Environmental Conservation Organization","89289520171","UWAFT - University of Waterloo Ecocar Team","","10218122430519660"
"News & Media Website","30843680008","blogTO","","10218122430519660"
"School","1605219649503824","Mathematical Memes for Logarithmically Scaled Teens","","10218122430519660"
"Society & Culture Website","419913568381772","Computer Science Memes for Travelling Salesman Teens","","10218122430519660"
"Comedian","1672497129742236","CantoMando","","10218122430519660"
"Movie","127923417514","Toy Story UK","","10218122430519660"
"Tea Room","315275741993229","CoCo Fresh Tea & Juice Ontario","$","10218122430519660"
"Public Figure","181227178573738","Clothes Encounters","","10218122430519660"
"Artist","264970223567940","Liz Climo","","10218122430519660"
"Community","957674534267737","Markham Wildcats Volleyball","","10218122430519660"
"Movie","104377417068","Harry Potter","","10218122430519660"
"Website","528572717569139","Facebook","","10218122430519660"
"Food & Beverage","2221678617878265","Coca-Cola","","10218122430519660"
"Food & Beverage Company","1983996591861064","Nutella","","10218122430519660"
"Video Game","1425497747758821","Angry Birds","","10218122430519660"
"Animal Breed","359731914053939","Bichon Frise","","10218122430519660"
"Movie","863621010372785","Голодні Ігри","","10218122430519660"
"Community Organization","1375849709412076","Plastic Action Eco-Fair","","10218122430519660"
"Organization","397798647440101","Heineken","","10218122430519660"
"Food & Beverage Company","146775140426","McDonald's Canada","","10218122430519660"
"Clothing (Brand)","2271232919822283","Victoria's Secret","","10218122430519660"
"Local Business","487896204685941","Lumière","","10218122430519660"
"Comedian","209021842448251","David So","","10218122430519660"
"Food & Beverage Company","200254553352488","Popeyes Canada","","10218122430519660"
"Community","366516923504721","Humans of Agincourt","","10218122430519660"
"Dessert Shop","287104264379","Butter Avenue","$$$","10218122430519660"
"Artist","147561161968593","Sofia Vergara","","10218122430519660"
"Comedian","201288194204","Jus Reign","","10218122430519660"
"Artist","685302218232254","Eugene Lee Yang","","10218122430519660"
"Community","673684579394036","HOVP","","10218122430519660"
"Community","581894338589110","Humans of Bethune","","10218122430519660"
"Actor","37627283118","Norman Reedus","","10218122430519660"
"Artist","211963272174199","Steven Yeun","","10218122430519660"
"Public Figure","119814350176","ShayCarl","","10218122430519660"
"Food & Beverage Company","212051388816535","NESTEA","","10218122430519660"
"Public Figure","127240277382278","Waffles the Cat","","10218122430519660"
"High School","104109969624312","Agincourt Collegiate Institute","","10218122430519660"
"Public Figure","144995165582858","Yerin Park","","10218122430519660"
"Food & Beverage Company","318322021420","Swiss Chalet","","10218122430519660"
"Company","228770063063","Montana's BBQ","","10218122430519660"
"Company","90752524058","Canadian Tire","","10218122430519660"
"TV Show","8816160747","America’s Next Top Model","","10218122430519660"
"Food & Beverage Company","145621403662","Starbucks Canada","","10218122430519660"
"Community","611995712229442","Society for Addressing Student Stress","","10218122430519660"
"Public Figure","78618944219","Miranda Sings","","10218122430519660"
"Public Figure","505559166124517","Amanda Steele","","10218122430519660"
"Personal Website","235014179868339","Zoella","","10218122430519660"
"Public Figure","175798449143602","Meredith Foster","","10218122430519660"
"Community","131255153631528","See more","","10218122430519660"
"Travel Agency","451167771970487","Walt Disney World","","10218122430519660"
"Food & Beverage Company","114901535204337","Arby's Canada","","10218122430519660"
"Politician","6815841748","Barack Obama","","10218122430519660"
"Movie","612644588807778","Bajo La Misma Estrella","","10218122430519660"
"TV Show","598384806899361","Sherlockians","","10218122430519660"
"Sandwich Shop","51500251811","Arby's","","10218122430519660"
"Artist","154213784747095","Robert Downey Jr","","10218122430519660"
"Public Figure","369613900572","Nick Vujicic","","10218122430519660"
"Artist","108359889188238","Ryan Gosling","","10218122430519660"
"Artist","115442406762","matthew gray gubler (as official as it gets)!","","10218122430519660"
"Amusement & Theme Park","95469803923","Canada's Wonderland","$$","10218122430519660"
"Artist","418706804839777","Tom Hiddleston","","10218122430519660"
"City","109446562415595","Volleyball","","10218122430519660"
"Arts & Humanities Website","102099916530784","Humans of New York","","10218122430519660"
"Sports League","209361989215","Olympic","","10218122430519660"
"Public Figure","153789846425","Bethany Mota","","10218122430519660"
"Actor","205344452828349","George Takei","","10218122430519660"
"App Page","21785951839","9GAG","","10218122430519660"
"TV Show","163565280410742","Sherlock","","10218122430519660"
"Actor","16178305388","David Tennant","","10218122430519660"
"TV Show","163127987083440","Sherlockology","","10218122430519660"
"TV Show","76613428183","Community","","10218122430519660"
"Video Game","506902009850370","Call of Duty","","10218122430519660"
"Fast Food Restaurant","248132900755","Subway Canada","","10218122430519660"
"Chef","189346347899301","Food Porn","","10218122430519660"
"Movie Character","465927583576413","Minions","","10218122430519660"
"Public Figure","53754642881","Michelle Phan","","10218122430519660"
"Comedian","142314305831739","Ian Hecox","","10218122430519660"
"TV Show","110475388978628","The Walking Dead","","10218122430519660"
"Artist","12735482841","Wesley Chan","","10218122430519660"
"Artist","169014533144650","Ki Hong Lee","","10218122430519660"
"Public Figure","146853695356556","Mychonny","","10218122430519660"
"Community","145823195467579","Shoot Anonymous","","10218122430519660"
"Frozen Yogurt Shop","136295880553","Yutopia","$","10218122430519660"
"Artist","608340332518673","Jenny Xia Art","","10218122430519660"
"Product/Service","100484820802","Apple TV","","10218122430519660"
"Public Figure","335861046499039","Jamie's World","","10218122430519660"
"Artist","486871584684778","Oh My Krisus","","10218122430519660"
"Interest","106225166074430","Dance","","10218122430519660"
"Musician","497305810301446","Harry Styles","","10218122430519660"
"Media/News Company","337567659670741","God Updates","","10218122430519660"
"Athlete","262187880534402","Mako","","10218122430519660"
"Community","102155344957","Taco Bell Canada","","10218122430519660"
"Interest","152213894796824","Killing Justin Bieber","","10218122430519660"
"App Page","324690977564821","Cooking Mama Friends' Cafe","","10218122430519660"
"Public Figure","202825023077692","Beast","","10218122430519660"
"Media/News Company","337568469617593","News at Seven","","10218122430519660"
"Public Figure","80329313253","Boo","","10218122430519660"
"Public Figure","72947896764","Smosh","","10218122430519660"
"Games/Toys","161676290609266","My Shops","","10218122430519660"
"Public Figure","681717898620328","SupremeDreams_1","","2916504498365637"
"Party Entertainment Service","104319517582378","PartyFinder","","2916504498365637"
"Software","768238663507472","Citizen Hacks","","2916504498365637"
"Community","1937663523126554","Pokémon GO Hub","","2916504498365637"
"Computer Company","1548991658675739","DeltaHacks","","2916504498365637"
"Computer Company","728365547243969","Hack Western","","2916504498365637"
"College & University","123316158509983","Co-operative Education Employer Information Sessions","","2916504498365637"
"Photographer","1605601699458027","Syndicate Photography","","2916504498365637"
"Community","209059356351519","EngHack","","2916504498365637"
"Shopping Mall","118864988184732","Scarborough Town Centre","$$","2916504498365637"
"Travel & Transportation","388084788060853","Waterloop","$$","2916504498365637"
"College & University","160642760671253","University of Waterloo Nanorobotics Group","","2916504498365637"
"College & University","234082779969542","Midnight Sun Solar Rayce Car Team","","2916504498365637"
"Science, Technology & Engineering","250653468374699","WARG - Waterloo Aerial Robotics Group","$$","2916504498365637"
"Education","1085708554926714","SE Soc - Waterloo Software Engineering Society","","2916504498365637"
"Nonprofit Organization","127742190569500","Engineers Without Borders EWB - University of Waterloo","","2916504498365637"
"Education","296600410369830","Student Life Network","","2916504498365637"
"Musician/Band","83711079303","Drake","","2916504498365637"
"Burger Restaurant","681852671926290","Top Gun  burgers","$$","2916504498365637"
"College & University","190057317703044","Waterloo Intramurals","$$","2916504498365637"
"Business Service","115216278571200","Concept by Velocity","","2916504498365637"
"Political Organization","188880394486886","Waterloo Engineering Society","$","2916504498365637"
"College & University","187057569961","Waterloo Engineering","","2916504498365637"
"School","5802560757","University of Waterloo","","2916504498365637"
"Financial Planner","268452016650171","Wealthsimple","","2916504498365637"
"Nonprofit Organization","1666713726935062","Laurier Photography Club","$$","2916504498365637"
"Product/Service","383156958804255","E-Quip JACO","","2916504498365637"
"Nonprofit Organization","168163280608227","The Link's Leadership in Business Conference","","2916504498365637"
"Nonprofit Organization","1663930380567417","Toronto Youth Network","","2916504498365637"
"Nonprofit Organization","511424635889457","Socialseed","","2916504498365637"
"Media/News Company","8719774366","Complex","","2916504498365637"
"Computer Company","200038100360549","Project Include","","2916504498365637"
"Education","388655174641163","Free Quran Education","","2916504498365637"
"Specialty School","278086032658113","Learn2Rock","","2916504498365637"
"Festival","131577560197134","MuslimFest","Not Applicable","2916504498365637"
"Artist","310247325755081","Marina Amaral - Photo Colorization","","2916504498365637"
"Public Figure","993384320747887","CalebCity","","2916504498365637"
"Artist","666964646732880","Wil Aime","","2916504498365637"
"Website","148442021887901","Indeed Sverige","","2916504498365637"
"Movie","118194755634","Up","","2916504498365637"
"Nonprofit Organization","638849639645058","SPRED","","2916504498365637"
"News & Media Website","30843680008","blogTO","","2916504498365637"
"Education","455068951208883","TDSB Student Senate","","2916504498365637"
"Apparel & Clothing","1227825063976798","Star145","$$","2916504498365637"
"Event","1718505948427425","Spotlight Charity Concert","","2916504498365637"
"Media/News Company","251570525003144","Ball-Control","","2916504498365637"
"Product/Service","184836415317835","Waseelah International","","2916504498365637"
"Personal Blog","1873865812832205","The Chicken Connoisseur","","2916504498365637"
"Clothing (Brand)","665569133594737","ZARA","","2916504498365637"
"Media/News Company","407570359384477","AJ+","","2916504498365637"
"College & University","105930651606","Harvard University","","2916504498365637"
"Bags/Luggage","609798122420987","VINTA","","2916504498365637"
"Bags/Luggage","706850412784732","Parkland","","2916504498365637"
"TV Channel","387986324607909","BT Sport","","2916504498365637"
"Non-Governmental Organization (NGO)","1112318898838609","WE","","2916504498365637"
"Public Figure","19667888299","Yasir Qadhi","","2916504498365637"
"Coach","1663036947297791","How to DAD","","2916504498365637"
"Media/News Company","250937974938474","Plaantik","","2916504498365637"
"Media/News Company","135978896526107","Marca in English","","2916504498365637"
"Arts & Humanities Website","6452638289","DeviantArt","","2916504498365637"
"Recreation & Sports Website","319485334803281","COPA90","","2916504498365637"
"Nonprofit Organization","603555879678837","MY Voice Canada","$","2916504498365637"
"Clothing (Brand)","1163194230358186","Armani アルマーニ","","2916504498365637"
"Charity Organization","658648300904258","Action CIND","","2916504498365637"
"Media/News Company","1614251518827491","Tasty","","2916504498365637"
"Government Organization","168170833215856","International Space Station","","2916504498365637"
"Sports Team","371392789686007","Los Angeles Football Club","","2916504498365637"
"Company","213364018997261","Wicked Games Inc.","","2916504498365637"
"Broadcasting & Media Production Company","650612988358231","IBN","$","2916504498365637"
"Journalist","858467387547050","Greg Stobart","","2916504498365637"
"Politician","21751825648","Justin Trudeau","","2916504498365637"
"Movie","104377417068","Harry Potter","","2916504498365637"
"College & University","126533127390327","Massachusetts Institute of Technology (MIT)","","2916504498365637"
"Nonprofit Organization","1486654351639531","Blue Project Co","","2916504498365637"
"Media/News Company","206936646000827","Curiosity","","2916504498365637"
"Community","144629142339646","Google - Please create a Doodle for May 12th","","2916504498365637"
"Recreation & Sports Website","163182977072451","Football Daily","","2916504498365637"
"Journalist","125161270911664","Ben Hayward","","2916504498365637"
"Nonprofit Organization","220534562160","May 12th International Awareness Day","","2916504498365637"
"Public Figure","939733516048463","Batman","","2916504498365637"
"Public Figure","381659068706560","Superman","","2916504498365637"
"Company","248819758864166","DC Comics","","2916504498365637"
"Video Game","435609070611782","Nintendo","","2916504498365637"
"Public Figure","162340013860349","Khalid Latif","","2916504498365637"
"Amateur Sports Team","429999777097852","Islamic Soccer League","","2916504498365637"
"Arts & Entertainment","296285720921109","Disney","","2916504498365637"
"Motivational Speaker","59816241970","Mufti Ismail Menk","","2916504498365637"
"Public Figure","118863654899331","Mohamed Zeyara","","2916504498365637"
"Nonprofit Organization","111658128847068","Amnesty International","","2916504498365637"
"School","1575038976114474","Humans of the TDSB","","2916504498365637"
"Website","528572717569139","Facebook","","2916504498365637"
"Charity Organization","170007456357316","Youth and Philanthropy Initiative (YPI)","","2916504498365637"
"Computers (Brand)","485602594950963","Windows","","2916504498365637"
"Food & Beverage","2221678617878265","Coca-Cola","","2916504498365637"
"Food & Beverage Company","218767342027177","KitKat","","2916504498365637"
"Recreation & Sports Website","123548937751259","Squawka Football","","2916504498365637"
"Performance & Event Venue","882516475157911","FC Bayern München","","2916504498365637"
"Community Organization","173716712665500","MIST Toronto","$$","2916504498365637"
"Sports League","9733218886","Major League Soccer (MLS)","","2916504498365637"
"Shopping & Retail","10611651804","Toronto FC","","2916504498365637"
"Science, Technology & Engineering","204598186697469","WATonomous","","2402833493164545"
"Education Website","2189212347992631","Carcinogenic Memes for Nano Scale Teens","","2402833493164545"
"Political Organization","188880394486886","Waterloo Engineering Society","$","2402833493164545"
"Musician/Band","127464250623646","ARJUN","","2402833493164545"
"Event","834185943274658","Hack the North","","2402833493164545"
"Clothing (Brand)","976271015858532","H&M","","2402833493164545"
"Education","1485899191492645","WCS Business Club + DECA","","2402833493164545"
"Public Figure","397259413732692","Markian","","2402833493164545"
"Actor","176634649122500","Jake T. Austin","","2402833493164545"
"Media/News Company","23497828950","National Geographic","","2402833493164545"
"Media/News Company","697789576948199","BuzzFeed India","","2402833493164545"
"Community","444659522615773","Team Bio: Taking Action to Combat Water Pollution","","2402833493164545"
"Community","234177650441226","Molar Mass Memes for Moisturized Teens","","2402833493164545"
"Artist","147286541981923","Josh Hutcherson","","2402833493164545"
"Public Figure","119669298068344","Bella Thorne","","2402833493164545"
"Musician/Band","53856904324","Flo Rida","","2402833493164545"
"Politician","21751825648","Justin Trudeau","","2402833493164545"
"Clothing (Brand)","12816526310","Bluenotes","","2402833493164545"
"Musician/Band","9934379006","Miranda Cosgrove","","2402833493164545"
"Design & Fashion","576470179201134","RenderRize","","2402833493164545"
"Retail Company","1784182941909797","Hollister Co.","","2402833493164545"
"TV Channel","276172940703","National Geographic TV","","2402833493164545"
"Musician/Band","275004089257723","Leighton Meester","","2402833493164545"
"Community Organization","172863816183133","CHCI Key Club","","2402833493164545"
"Musician/Band","32752049981","Cimorelli","","2402833493164545"
"Musician/Band","9189674485","Ed Sheeran","","2402833493164545"
"Artist","506921692718847","Jacqueline Fernandez","","2402833493164545"
"Musician","497305810301446","Harry Styles","","2402833493164545"
"Musician/Band","182032895154467","Alex Aiono","","2402833493164545"
"Sport","115276211820909","Vollyball","","2402833493164545"
"Musician/Band","112963302097394","Cher Lloyd","","2402833493164545"
"Musician/Band","19061333123","Enrique Iglesias","","2402833493164545"
"TV Show","17774451468","Mr Bean","","2402833493164545"
"Musician/Band","7126051465","Katy Perry","","2402833493164545"
"Artist","470402606305707","Ian Somerhalder","","2402833493164545"
"Religious Center","361339567311711","Sai Bhakti Dham, Kitchener","","2402833493164545"
"Public Figure","197997523559852","Shah Rukh Khan","","2402833493164545"
"Actor","175680555811952","Michael Malarkey","","2402833493164545"
"Music Chart","126963587405355","Little Mix","","2402833493164545"
"Musician/Band","9770929278","Adele","","2402833493164545"
"Musician/Band","9208539755","Demi Lovato","","2402833493164545"
"Musician/Band","6564142497","Usher","","2402833493164545"
"Musician/Band","5170395767","Jennifer Lopez","","2402833493164545"
"Artist","370020619738714","Deepika Padukone","","2402833493164545"
"Public Figure","322311971179920","Joe Sugg","","2402833493164545"
"City","108196582538810","Science","","2402833493164545"
"Musician/Band","152288768736","Victoria Duffield","","2402833493164545"
"Public Figure","114696805612","Kim Kardashian West","","2402833493164545"
"Musician/Band","45309870078","Eminem","","2402833493164545"
"Education","8265402900","Shad Canada","","2402833493164545"
"Musician/Band","7961985974","Selena Gomez","","2402833493164545"
"Artist","819736761387920","Ranveer Singh","","2402833493164545"
"Community","585039184971097","Humans of SHAD","","2402833493164545"
"Personal Blog","236993106384457","Desi Memes","","2402833493164545"
"Musician","145300805513355","Jessie J","","2402833493164545"
"Movie","137918652903264","Disney PROM","","2402833493164545"
"Clothing (Brand)","60620847134","Garage","","2402833493164545"
"Entertainment Website","43491889189","Pretty Little Liars","","2402833493164545"
"Media/News Company","21898300328","BuzzFeed","","2402833493164545"
"Artist","9085937115","Leonardo DiCaprio","","2402833493164545"
"Food & Beverage Company","218767342027177","KitKat","","2402833493164545"
"TV Show","541573212554421","Ravenswood","","2402833493164545"
"Movie","216410885045047","Titanic","","2402833493164545"
"Artist","214121152104124","Paul Wesley","","2402833493164545"
"Neighborhood","105788652787522","Swimming","","2402833493164545"
"Food & Beverage Company","146775140426","McDonald's Canada","","2402833493164545"
"App Page","53427562027","Goodreads","","2402833493164545"
"Public Figure","26012002239","Ellen DeGeneres","","2402833493164545"
"Travel Company","45938834789","ME to WE","","2402833493164545"
"Clothing (Brand)","525738414202280","Calvin Klein","","2402833493164545"
"Event","419334281784552","Sai Bhaktidham 5th Anniversary - Canada 150th Anniversary","","2402833493164545"
"Musician/Band","134119343404312","Louis Tomlinson","","2402833493164545"
"Musician/Band","121930497861753","One Direction","","2402833493164545"
"Food & Beverage Company","288162265211","5 Gum","","2402833493164545"
"Radio Station","19003505092","91.5 THE BEAT","","2402833493164545"
"Musician/Band","12384211026","Ariana Grande","","2402833493164545"
"Musician/Band","5956341397","P!nk","","2402833493164545"
"Non-Governmental Organization (NGO)","1112318898838609","WE","","2402833493164545"
"Movie","214526202324526","Ich - Einfach Unverbesserlich","","2402833493164545"
"Actor","181490248630946","Liam Hemsworth","","2402833493164545"
"Musician/Band","170165893024463","Zendaya","","2402833493164545"
"Musician/Band","95051637400","Pitbull","","2402833493164545"
"Artist","72902583703","Brant Daugherty","","2402833493164545"
"Product/Service","7270241753","YouTube","","2402833493164545"
"Musician/Band","1442341262664631","Shawn Mendes","","2402833493164545"
"Musician/Band","183409211679665","Austin Mahone","","2402833493164545"
"Personal Blog","162558843875154","AsapSCIENCE","","2402833493164545"
"Artist","222401665690","Priyanka Chopra","","2402833493164545"
"Musician/Band","168252852669","Cody Simpson","","2402833493164545"
"Musician/Band","352476444849191","Liam Payne","","2402833493164545"
"TV Show","163565280410742","Sherlock","","2402833493164545"
"Actor","111411568893936","Shay Mitchell","","2402833493164545"
"Interest","110540392307856","Dancing","","2402833493164545"
"TV Show","291824160232","Pretty Little Liars","","2402833493164545"
"Musician/Band","65217182024","Owl City","","2402833493164545"
"Actor","1475530645992149","Janel Parrish","","2402833493164545"
"Community","315138958534486","IB Memes","","2402833493164545"
"Public Figure","196996190333613","Lilly Singh","","2402833493164545"
"Artist","129280043816404","Taylor Lautner","","2402833493164545"
"TV Show","121349517944687","Suits","","2402833493164545"
"Media/News Company","962005207153376","VICE Canada","","1159284257612136"
"Movie","924402837751798","Hellboy","","2361206374091828"
"Movie","428107850678371","Mission: Impossible","","2361206374091828"
"Clothing (Brand)","253043118101485","Simons","","2361206374091828"
"Movie","643179092384007","Una Noche en el Museo","","2361206374091828"
"Movie","122262321144017","Rio","","2361206374091828"
"Movie","104377417068","Harry Potter","","2361206374091828"
"Movie","113168089197149","Frozen","","2361206374091828"
"Fictional Character","480839192073984","Puss In Boots","","2361206374091828"
"Movie","306140043444","Shrek","","2361206374091828"
"Movie","158863734175023","Alvin and the Chipmunks","","2361206374091828"
"Science Website","542971019063265","Brilliant.org","","2361206374091828"
"Movie","696005070432311","Spider-Man","","2361206374091828"
"Movie","433910893485843","Kung Fu Panda ES","","2361206374091828"
"Movie","189806031055696","Immortals","","2361206374091828"
"Movie","163954208828","Shrek Forever After","","2361206374091828"
"Movie","144959715764","Green Lantern (Movie)","","2361206374091828"
"Movie","663627804109230","Bad Boys","","2361206374091828"
"Movie","126966474048192","Spy Kids","","2361206374091828"
"Movie","203590956402328","Journey to the Center of the Earth","","2361206374091828"
"Movie","177437215630726","Bolt","","2361206374091828"
"Movie","17377140236","Ratatouille","","2361206374091828"
"Movie","169281696425766","One Hundred and One Dalmatians","","2361206374091828"
"Movie","34920037265","Monsters vs. Aliens","","2361206374091828"
"Movie","125502530827816","A Bug's Life","","2361206374091828"
"Product/Service","153028221421370","Cars","","2361206374091828"
"Movie","1317365845060772","Így Neveld a Sárkányodat Filmek","","2361206374091828"
"Movie","143847285679708","Hercules","","2361206374091828"
"Broadcasting & Media Production Company","157917474221446","CNN","$$","2361206374091828"
"Public Figure","26012002239","Ellen DeGeneres","","2361206374091828"
"Movie","133107276935","Peter Pan","","2361206374091828"
"Movie","23245476854","Walt Disney Animation Studios","","2361206374091828"
"TV Show","421182894613231","Agents of S.H.I.E.L.D.","","2361206374091828"
"Movie","263903657057997","Guardians of the Galaxy","","2361206374091828"
"TV Show","583390655086575","The Flash","","2361206374091828"
"Science, Technology & Engineering","348072501301","xda-developers.com","","2361206374091828"
"Movie","261303947296342","Ice Age 4: Continental Drift (MALAYSIA)","","2361206374091828"
"Movie","1126476040700529","Madagascar","","2361206374091828"
"Video Game","343669132319719","8 Ball Pool","","2361206374091828"
"Video Game","356417261082215","Dragon City","","2361206374091828"
"Movie","317391334952902","King Kong","","2361206374091828"
"Movie","139195819664","Prince of Persia: The Sands of Time","","2361206374091828"
"Movie","124318580968131","Tarzan","","2361206374091828"
"TV","110680798960315","Shrek 3","","2361206374091828"
"Just For Fun","106178979412548","Hellboy","","2361206374091828"
"Movie","29349922628","WALL•E","","2361206374091828"
"TV & Movies","108755355814961","Shark Tale","","2361206374091828"
"Movie","888437597990285","X-Men Movies","","2361206374091828"
"Movie","118768521486489","The Expendables","","2361206374091828"
"Movie","162387307441","Happy Feet","","2361206374091828"
"Movie","229668807087652","Twilight","","2361206374091828"
"Movie","163042800417248","I Am Legend","","2361206374091828"
"Movie","122197134531175","The Transporter 3","","2361206374091828"
"Fictional Character","113589202010624","Thor","","2361206374091828"
"TV & Movies","109766365717243","Blade II","","2361206374091828"
"Movie","190107757674768","Ghost Rider","","2361206374091828"
"Movie","2006000293029263","Rambo","","2361206374091828"
"Travel & Transportation","388084788060853","Waterloop","$$","2210326352586821"
"Cause","362300451071622","Fridays For Future India","","2210326352586821"
"Personal Blog","967577006742372","ICSE : Toughest of All Existing Boards in India .","","2210326352586821"
"College & University","123316158509983","Co-operative Education Employer Information Sessions","","2210326352586821"
"Software","1217022608389040","StarterHacks","","2210326352586821"
"College & University","1100960436622669","Waterloo Data Science Club","","2210326352586821"
"Education","1085708554926714","SE Soc - Waterloo Software Engineering Society","","2210326352586821"
"Science, Technology & Engineering","159082044842699","Coffee 'N Code","","2210326352586821"
"Comedian","202549086498265","Sal Vulcano","","2210326352586821"
"Artist","140216402663925","Emma Watson","","2210326352586821"
"Fictional Character","324177497676007","~Admin Fred","","2210326352586821"
"Public Figure","212709898784434","Harry Potter flows in my blood","","2210326352586821"
"Author","119550501482314","We will never forget you Sirius, Fred, Dobby & Snape","","2210326352586821"
"Community","220045591454590","The Sarcastic Retards","","2210326352586821"
"Entertainment Website","485359835553","ONE PIECE Fanpage","","2210326352586821"
"TV Show","339976739458953","Naruto","","2210326352586821"
"TV Genre","103130939727157","Naruto","","2210326352586821"
"Just For Fun","194543293971087","Memes.","","2210326352586821"
"Neighborhood","124455884289109","Kalpataru Estate","","2210326352586821"
"Musician/Band","153464388031637","Nicky Romero","","2210326352586821"
"Musician/Band","181861021831773","2 Chainz","","2210326352586821"
"Musician/Band","12138756141","Wiz Khalifa","","2210326352586821"
"Actor","49581355512","Ludacris","","2210326352586821"
"Musician/Band","10376464573","Lady Gaga","","2210326352586821"
"Musician/Band","6885814958","Lil Wayne","","2210326352586821"
"Musician/Band","275648462478015","Martin Garrix","","2210326352586821"
"Musician/Band","119702488081975","Skrillex","","2210326352586821"
"Musician/Band","198933856805679","The Chainsmokers","","2210326352586821"
"Musician/Band","133263696687321","Nico & Vinz","","2210326352586821"
"Musician/Band","508598672491191","Lorde","","2210326352586821"
"Musician/Band","165442691420","Afrojack","","2210326352586821"
"Musician/Band","398310963535675","American Authors","","2210326352586821"
"Musician/Band","48382669205","JAY-Z","","2210326352586821"
"Musician/Band","24983228911","OneRepublic","","2210326352586821"
"Musician/Band","53856904324","Flo Rida","","2210326352586821"
"Musician/Band","10959868407","Sia","","2210326352586821"
"Musician/Band","107281645968137","Zedd","","2210326352586821"
"Musician/Band","26435256798","Avicii","","2210326352586821"
"Interest","666247826761426","Magic! (band)","","2210326352586821"
"Musician/Band","117713628271096","Lana Del Rey","","2210326352586821"
"Musician/Band","213641182015617","Pharrell Williams","","2210326352586821"
"Musician/Band","19366141168","Calvin Harris","","2210326352586821"
"Musician/Band","6329881653","Chris Brown","","2210326352586821"
"Musician/Band","39643821406","Imagine Dragons","","2210326352586821"
"Musician/Band","28940545600","Beyoncé","","2210326352586821"
"Musician/Band","5718732097","Justin Timberlake","","2210326352586821"
"Musician/Band","22516413022","John Legend","","2210326352586821"
"Musician/Band","5330548481","Maroon 5","","2210326352586821"
"Musician/Band","7126051465","Katy Perry","","2210326352586821"
"Musician/Band","93944052260","Jason Derulo","","2210326352586821"
"Musician/Band","39677118233","Britney Spears","","2210326352586821"
"Musician/Band","242567287243","Bruno Mars","","2210326352586821"
"Musician/Band","95051637400","Pitbull","","2210326352586821"
"Musician/Band","5170395767","Jennifer Lopez","","2210326352586821"
"Musician/Band","69448024527","Swedish House Mafia","","2210326352586821"
"Musician/Band","69116329538","The Beatles","","2210326352586821"
"Musician/Band","21275344520","Green Day","","2210326352586821"
"Musician/Band","15253175252","Coldplay","","2210326352586821"
"Musician/Band","7619396355","David Guetta","","2210326352586821"
"Musician/Band","8210451787","Linkin Park","","2210326352586821"
"Musician/Band","19061333123","Enrique Iglesias","","2210326352586821"
"Musician/Band","5027904559","Shakira","","2210326352586821"
"Musician/Band","45309870078","Eminem","","2210326352586821"
"Sports Team","19034719952","Real Madrid C.F.","","2210326352586821"
"Stadium, Arena & Sports Venue","415927231843864","Chelsea FC","","2210326352586821"
"Athlete","245323855526590","Wayne Rooney","","2210326352586821"
"Athlete","176063032413299","Leo Messi","","2210326352586821"
"Athlete","81221197163","Cristiano Ronaldo","","2210326352586821"
"Athlete","344128252278047","Sachin Tendulkar","","2210326352586821"
"Athlete","20242388857","Usain Bolt","","2210326352586821"
"Party Entertainment Service","104319517582378","PartyFinder","","911762459191977"
"Media/News Company","241806149201604","I am Programmer,I have no life.","","911762459191977"
"College & University","396626577068012","Wilfrid Laurier University Muslim Students' Association","","911762459191977"
"College & University","1100960436622669","Waterloo Data Science Club","","911762459191977"
"Society & Culture Website","248727372506213","UW Electrical and Computer Engineering Society","","911762459191977"
"Community Organization","2081408578844522","Hive App","","911762459191977"
"Community","313227042137369","Student Problems","","911762459191977"
"Community Organization","1022272281132785","UW PM","","911762459191977"
"Work Position","489805171056840","University of Waterloo - Muslim Students' Association","","911762459191977"
"Software","768238663507472","Citizen Hacks","","911762459191977"
"News & Media Website","30843680008","blogTO","","911762459191977"
"School","557275701038468","Cal Hacks","","911762459191977"
"Education","1085708554926714","SE Soc - Waterloo Software Engineering Society","","911762459191977"
"Sports Club","1678965835650553","UW Badminton Club","$","911762459191977"
"College & University","507393199307956","Waterloo Engineering Orientation","","911762459191977"
"College & University","178215044576","Federation of Students - Feds","","911762459191977"
"Computer Company","277375161566","Microsoft Developer","","911762459191977"
"College & University","123316158509983","Co-operative Education Employer Information Sessions","","911762459191977"
"Nonprofit Organization","1587585314869853","UW Blueprint","","911762459191977"
"Community Organization","103140939743548","PennApps","","911762459191977"
"Event","132149873656964","HackMIT","","911762459191977"
"Event","124349814392124","MHacks","","911762459191977"
"Computer Company","728365547243969","Hack Western","","911762459191977"
"Nonprofit Organization","1663930380567417","Toronto Youth Network","","911762459191977"
"Video Creator","870655396281144","Danny Casale","","911762459191977"
"Event","313826232343414","Hack the Valley","","911762459191977"
"Internet Company","919551874798333","Hack The 6ix","","911762459191977"
"School","1605219649503824","Mathematical Memes for Logarithmically Scaled Teens","","911762459191977"
"School","6169515998","University of Toronto","","911762459191977"
"Event","834185943274658","Hack the North","","911762459191977"
"Event Planner","147545995946544","Omicron","","911762459191977"
"Design & Fashion","465472970194743","MVMT","","911762459191977"
"Public Figure","114466695895697","Big Marvel","","911762459191977"
"Entrepreneur","705094933016164","Macro Meals","","911762459191977"
"Society & Culture Website","419913568381772","Computer Science Memes for Travelling Salesman Teens","","911762459191977"
"Electronics","591858720864810","Major League Hacking","","911762459191977"
"Youth Organization","1548532815227849","Zentus","","911762459191977"
"Politician","7850287500","Mark Holland","","911762459191977"
"Community","143800136293435","Ajax Constituency Youth Council","","911762459191977"
"App Page","166669317421811","Bubble Burst","","911762459191977"
"Musician","750107348523186","AlvnoBeats","","911762459191977"
"Public Figure","175614889543180","Angel Huang for McMaster VC of External Affairs","","911762459191977"
"Public Figure","212270682131283","ZaidAliT","","911762459191977"
"School","5802560757","University of Waterloo","","911762459191977"
"Graphic Designer","160842614356561","Mufeez Amjad Designs","","911762459191977"
"Musician/Band","116418245134099","Epic Rap Battles of History","","911762459191977"
"Event","834185943274658","Hack the North","","932162387152171"
"Science, Technology & Engineering","1713437782291129","TOHacks","","932162387152171"
"Product/Service","167580640987","Hackathon","","932162387152171"
"Business Service","115216278571200","Concept by Velocity","","932162387152171"
"Community Organization","233100250045305","Waterloo Computer Science Club","$","932162387152171"
"Media/News Company","75791669580","Billboard","","932162387152171"
"Science, Technology & Engineering","159082044842699","Coffee 'N Code","","932162387152171"
"College & University","1100960436622669","Waterloo Data Science Club","","932162387152171"
"College & University","178215044576","Federation of Students - Feds","","932162387152171"
"Community Organization","213619168843571","UW Debate Society","","932162387152171"
"Computer Company","728365547243969","Hack Western","","932162387152171"
"Nonprofit Organization","1587585314869853","UW Blueprint","","932162387152171"
"Education","1085708554926714","SE Soc - Waterloo Software Engineering Society","","932162387152171"
"Political Organization","188880394486886","Waterloo Engineering Society","$","932162387152171"
"Interest","503756216660301","Scrantonicity ""The Office"" Memes and More","","932162387152171"
"Musician/Band","271720709550898","VoicePlay","","932162387152171"
"Media/News Company","1754273441360639","Netflix","","932162387152171"
"Pizza Place","124501474268497","Domino's Pizza","","932162387152171"
"Tour Agency","407433549390188","This Guy's On His Own Trip","","932162387152171"
"Athlete","1448777165395616","Ander Herrera","","932162387152171"
"Media/News Company","223649167822693","Vox","","932162387152171"
"Show","429518000809410","Vox Borders","","932162387152171"
"Local & Travel Website","1641534216143157","When in City","","932162387152171"
"Musician/Band","35370633792","Mumford and Sons","","932162387152171"
"Government Organization","312910862539040","EducationUSA India","","932162387152171"
"Public Figure","153741882014451","Nishit Jain Page","$","932162387152171"
"Arts & Entertainment","1978953192152575","2 Foreigners In Bollywood","","932162387152171"
"Sports","1399426170288866","442oons","","932162387152171"
"Community Organization","53227312798","CodeChef","","932162387152171"
"Computer Company","1779219079038033","DPS Ruby Park Tech Club","","932162387152171"
"Community","352007635002212","Home of the Screenshots","","932162387152171"
"College & University","192609620649","The University of Chicago","","932162387152171"
"Community","113195545408308","Quiz Foundation of India","","932162387152171"
"Investment Bank","269729546832355","Shape Your Career","","932162387152171"
"TV Show","606817536118091","House of Cards","","932162387152171"
"Nonprofit Organization","1691887431100233","StopWatch","","932162387152171"
"Pet Supplies","1534275513496454","Cute Animals","","932162387152171"
"Organization","284114758298137","Kolkata Literary Meet","","932162387152171"
"Media/News Company","408200799357930","Itchy Ketchup","","932162387152171"
"Media/News Company","1327038517331134","InnerVoice","","932162387152171"
"Community","1844647285780945","Quizzing Memes","","932162387152171"
"Competition","393868863992338","Conquiztador","","932162387152171"
"Education","991111820932839","Teenovators","","932162387152171"
"Athlete","803600556434347","Paul Labile Pogba","","932162387152171"
"Entertainment Website","230013210408109","TVF Qtiyapa","","932162387152171"
"Event","886570278143731","Quixotic 2016","","932162387152171"
"News & Media Website","354496164662310","Tumblr Made Me Do It","","932162387152171"
"Comedian","67400590475","Cyanide & Happiness","","932162387152171"
"Public Figure","1458111907749834","Mother Of Sarcasm","","932162387152171"
"Public Figure","372440236133310","All India Bakchod","","932162387152171"
"Media/News Company","110141895861579","ScoopWhoop","","932162387152171"
"Media/News Company","365076723656400","JOE.co.uk","","932162387152171"
"Media/News Company","1156243537722760","The Scribbled Stories","","932162387152171"
"Science Website","552719424898087","ScienceHook","","932162387152171"
"Website","391476257640230","The Souled Store","","932162387152171"
"Media/News Company","859920857453751","Commas & Half Strokes","","932162387152171"
"Blogger","189419244600985","Tony Stark","","932162387152171"
"Education","1200715263294808","Bosco Model United Nations 2016","","932162387152171"
"Politician","889307941125736","Hillary Clinton","","932162387152171"
"Politician","6815841748","Barack Obama","","932162387152171"
"Media/News Company","206980842819302","Liam Dineen","","932162387152171"
"App Page","469262809789436","The Learning Point Community","","932162387152171"
"College & University","1437621619892485","Zenith","","932162387152171"
"Education","1664330363779361","Calcutta International School Model United Nations Conference","","932162387152171"
"Workplace & Office","1757128791000664","Google","","932162387152171"
"Media/News Company","1515871602074952","Sarcasm","","932162387152171"
"Musician/Band","5330548481","Maroon 5","","932162387152171"
"Community","1735157876698908","La Martiniere Calcutta Model United Nations 2016","","932162387152171"
"Artist","154213784747095","Robert Downey Jr","","932162387152171"
"School","181357375582355","DPS Ruby Park Kolkata  Quiz Club","","932162387152171"
"News & Media Website","1512912428973866","ScrollDroll","","932162387152171"
"Media/News Company","139884892828373","Terribly Tiny Tales","","932162387152171"
"Nonprofit Organization","515989801749498","The College Board","","932162387152171"
"Sports Team","586806268040001","Manchester United Hindi","","932162387152171"
"Media","593353620682333","Weird Facts","","932162387152171"
"News & Media Website","325081924358831","8Comics","","932162387152171"
"Entertainment Website","281849238620927","8Shit","","932162387152171"
"Website","379506448925097","8FACT Flirt","","932162387152171"
"Website","120709694789840","8FACT","","932162387152171"
"Community","512828098810171","Model United Nation Trolls","","932162387152171"
"Ice Cream Shop","1055514991175464","Cornetto","","932162387152171"
"Comedian","1700808496873024","The Honest Page","","932162387152171"
"Community","200302240070114","Pottermore - More Than An Insider","","932162387152171"
"Community","1680502528854995","The Heritage School Model United Nations 2016","","932162387152171"
"Media/News Company","197535293612901","UberFacts","","932162387152171"
"Public Figure","891059714288000","Reynold Poernomo","","932162387152171"
"Website","586487838060776","8CRAP","","932162387152171"
"Event","1674510782836826","Youthopia'16","","932162387152171"
"Education","228980207289727","St. James' School Model United Nations Conference","","932162387152171"
"Movie","104377417068","Harry Potter","","932162387152171"
"Athlete","1686363344925193","Rahul Dravid","","932162387152171"
"City","449240901847514","World Of Puns","","932162387152171"
"TV Show","163565280410742","Sherlock","","932162387152171"
"Author","277489075693049","J.K. Rowling","","932162387152171"
"Athlete","657805967594675","David De Gea","","932162387152171"
"Science Website","164329586948169","Veritasium","","932162387152171"
"Public Figure","271247409666545","Funk You","","932162387152171"
"Organization","623716087656217","XQUIZIT","","932162387152171"
"Education","281192882020263","DPS MUN","","932162387152171"
"Organization","853093641477627","For A Million Smiles - FAMS","","932162387152171"
"Nonprofit Organization","115848168436597","Yoga Alliance","","365765314374108"
"Health & Wellness Website","107118720945","Yoga Journal","","365765314374108"
"App Page","139034416221904","Yoga.com","","365765314374108"
"App Page","769151810130855","Enrich Tutors","","365765314374108"
"Software","768238663507472","Citizen Hacks","","365765314374108"
"College & University","214354098626898","WLPA (Waterloo Laurier Punjabi Association)","","365765314374108"
"News & Media Website","85633169312","cricket.com.au","","377471329873094"
"Education","1085708554926714","SE Soc - Waterloo Software Engineering Society","","377471329873094"
